X,Y
0,121.000
1,127.437
2,122.140
3,111.079
4,112.798
5,110.246
6,105.160
7,99.549
8,102.676
9,104.093
10,93.706
11,87.750
12,83.828
13,87.155
14,84.709
15,78.540
16,82.851
17,89.431
18,87.779
19,83.900
20,84.898
21,82.742
22,81.417
23,79.418
24,87.207
25,77.130
26,76.244
27,82.099
28,82.924
29,83.594
30,81.788
31,77.515
32,81.662
33,80.962
34,76.921
35,78.835
36,84.357
37,83.544
38,84.597
39,86.883
40,92.080
41,91.813
42,97.248
43,97.615
44,98.844
45,94.453
46,98.144
47,103.867
48,104.697
49,116.955
50,123.753
51,136.820
52,144.464
53,154.239
54,157.627
55,166.060
56,168.919
57,195.762
58,204.420
59,221.101
60,243.179
61,260.831
62,270.201
63,289.091
64,314.834
65,329.858
66,355.173
67,373.214
68,386.916
69,387.876
70,373.812
71,372.725
72,387.405
73,361.676
74,337.725
75,326.630
76,304.352
77,274.261
78,263.754
79,237.352
80,237.697
81,226.709
82,207.372
83,186.353
84,169.797
85,168.812
86,168.840
87,159.958
88,149.577
89,127.400
90,121.174
91,125.973
92,115.697
93,113.350
94,107.375
95,99.626
96,98.044
97,92.672
98,97.186
99,94.209
100,88.962
101,95.543
102,92.122
103,85.141
104,92.861
105,94.657
106,88.746
107,89.299
108,91.156
109,91.404
110,94.476
111,82.799
112,87.604
113,95.469
114,93.089
115,88.905
116,96.352
117,96.580
118,94.333
119,93.273
120,102.282
121,103.869
122,108.073
123,113.614
124,110.990
125,115.200
126,118.151
127,121.599
128,116.183
129,118.012
130,113.803
131,128.208
132,129.714
133,130.788
134,136.402
135,134.049
136,138.099
137,131.812
138,139.754
139,137.159
140,123.987
141,130.358
142,127.719
143,129.794
144,121.210
145,116.517
146,115.235
147,104.401
148,112.232
149,106.189
150,100.319
151,106.975
152,101.479
153,95.159
154,93.256
155,96.019
156,88.813
157,83.863
158,84.902
159,90.841
160,86.830
161,81.302
162,90.632
163,82.912
164,77.471
165,77.330
166,81.840
167,76.840
168,75.639
169,74.836
170,74.044
171,83.463
172,77.856
173,76.242
174,72.478
175,73.184
176,79.129
177,74.855
178,78.468
179,89.169
180,82.815
181,78.184
182,81.446
183,79.526
184,83.620
185,82.541
186,86.893
187,80.663
188,85.566
189,88.913
190,91.967
191,91.189
192,87.461
193,87.387
194,99.104
195,100.722
196,101.304
197,104.814
198,108.498
199,112.496
200,117.350
201,121.140
202,117.659
203,121.729
204,128.234
205,134.971
206,137.773
207,144.674
208,155.043
209,163.008
210,171.190
211,176.892
212,202.519
213,212.852
214,214.862
215,226.382
216,246.915
217,267.888
218,299.390
219,304.461
220,333.549
221,376.480
222,400.861
223,423.026
224,428.877
225,431.520
226,408.353
227,403.026
228,395.481
229,390.949
230,373.770
231,345.568
232,319.791
233,296.718
234,273.335
235,270.047
236,245.859
237,232.045
238,218.492
239,196.465
240,186.500
241,180.822
242,173.051
243,157.667
244,139.990
245,134.076
246,131.871
247,132.658
248,123.527
249,118.720
250,109.339
251,113.479
252,107.246
253,102.741
254,97.434
255,100.193
256,100.458
257,99.788
258,103.585
259,105.509
260,99.192
261,105.499
262,99.076
263,94.151
264,90.301
265,89.447
266,90.293
267,87.329
268,86.817
269,88.195
270,90.006
271,94.416
272,87.721
273,80.791
274,91.049
275,94.176
276,98.871
277,94.958
278,92.246
279,92.824
280,94.909
281,94.735
282,107.272
283,107.561
284,106.963
285,110.101
286,106.392
287,109.228
288,117.256
289,120.781
290,118.264
291,123.134
292,125.654
293,122.685
294,124.747
295,130.432
296,129.643
297,123.548
298,133.652
299,136.637
300,137.639
301,143.013
302,142.321
303,130.009
304,136.152
305,143.049
306,139.958
307,137.670
308,133.896
309,141.060
310,124.277
311,122.478
312,120.567
313,108.976
314,116.369
315,115.995
316,111.014
317,112.394
318,109.745
319,102.732
320,102.512
321,93.012
322,100.062
323,100.090
324,94.816
325,86.815
326,95.174
327,88.498
328,83.978
329,83.869
330,95.504
331,91.353
332,83.617
333,83.735
334,81.888
335,81.763
336,80.997
337,83.933
338,79.481
339,84.166
340,78.905
341,80.853
342,81.186
343,80.373
344,76.752
345,79.126
346,81.218
347,80.923
348,86.557
349,88.661
350,83.332
351,86.403
352,85.546
353,82.622
354,81.973
355,83.133
356,80.414
357,87.200
358,86.380
359,82.015
360,84.903
361,83.984
362,86.743
363,90.941
364,94.934
365,91.532
366,97.424
367,93.657
368,92.895
369,91.851
370,93.858
371,100.536
372,94.497
373,97.479
374,96.481
375,100.670
376,105.824
377,118.367
378,111.842
379,119.089
380,123.861
381,134.809
382,136.411
383,136.738
384,142.941
385,142.414
386,153.271
387,160.430
388,172.614
389,169.508
390,184.556
391,196.839
392,205.863
393,218.068
394,220.404
395,247.528
396,267.848
397,263.054
398,285.335
399,300.884
400,337.593
401,354.438
402,384.763
403,382.932
404,397.442
405,393.186
406,376.810
407,373.673
408,376.305
409,358.704
410,341.211
411,338.279
412,331.217
413,326.614
414,320.286
415,293.812
416,267.851
417,259.781
418,234.720
419,220.000
420,202.601
421,188.931
422,178.542
423,176.895
424,167.820
425,148.288
426,148.677
427,148.829
428,131.643
429,134.946
430,126.067
431,124.656
432,119.102
433,114.122
434,115.092
435,108.855
436,112.846
437,98.672
438,107.501
439,109.490
440,107.859
441,101.271
442,102.295
443,100.862
444,94.930
445,103.026
446,102.724
447,91.340
448,93.660
449,92.375
450,93.328
451,92.325
452,97.581
453,104.681
454,100.639
455,99.182
456,101.289
457,98.389
458,91.771
459,98.284
460,93.165
461,93.746
462,97.993
463,93.320
464,102.947
465,102.680
466,97.679
467,96.942
468,93.568
469,98.331
470,98.501
471,102.551
472,99.641
473,106.455
474,111.429
475,111.109
476,113.306
477,115.183
478,114.258
479,128.171
480,125.343
481,117.879
482,123.136
483,124.325
484,128.312
485,123.052
486,132.010
487,128.372
488,137.669
489,135.178
490,133.012
491,135.859
492,133.966
493,133.466
494,130.844
495,142.192
496,144.838
497,145.646
498,145.509
499,150.187
500,147.233
501,148.436
502,138.080
503,140.497
504,146.442
505,141.841
506,139.247
507,132.150
508,132.897
509,127.113
510,124.445
511,126.139
512,120.005
513,122.294
514,121.470
515,118.203
516,112.349
517,111.012
518,111.769
519,111.298
520,101.484
521,108.743
522,107.784
523,109.397
524,103.744
525,98.245
526,93.898
527,98.002
528,97.181
529,92.108
530,94.597
531,94.061
532,88.481
533,93.497
534,93.352
535,89.184
536,96.593
537,92.645
538,92.504
539,91.492
540,86.094
541,91.556
542,82.481
543,75.127
544,81.667
545,76.442
546,77.528
547,77.828
548,74.440
549,83.358
550,86.967
551,86.612
552,86.076
553,89.594
554,86.417
555,82.867
556,85.881
557,81.443
558,82.680
559,86.954
560,87.424
561,85.148
562,83.298
563,90.689
564,79.198
565,76.188
566,84.082
567,85.932
568,87.223
569,81.128
570,84.694
571,86.095
572,85.596
573,89.505
574,96.622
575,95.019
576,95.365
577,93.029
578,93.643
579,96.541
580,101.123
581,96.590
582,100.863
583,102.869
584,104.155
585,99.162
586,102.170
587,106.562
588,106.979
589,107.318
590,116.009
591,124.964
592,127.623
593,134.727
594,135.890
595,129.209
596,138.987
597,142.754
598,159.036
599,150.593
600,146.184
601,164.971
602,170.451
603,178.858
604,182.261
605,192.049
606,195.118
607,213.480
608,216.601
609,227.616
610,235.578
611,248.580
612,273.214
613,279.172
614,294.851
615,327.849
616,342.488
617,349.593
618,365.564
619,390.107
620,398.951
621,404.508
622,428.745
623,448.950
624,442.494
625,443.090
626,451.906
627,445.655
628,413.035
629,394.411
630,372.399
631,353.144
632,337.842
633,313.591
634,297.279
635,290.936
636,271.477
637,254.858
638,239.430
639,232.480
640,220.088
641,208.872
642,212.598
643,197.174
644,190.202
645,176.069
646,170.509
647,165.705
648,161.660
649,150.206
650,141.814
651,124.670
652,127.721
653,131.178
654,121.771
655,121.828
656,114.229
657,111.430
658,116.432
659,116.587
660,115.470
661,104.290
662,98.307
663,99.105
664,102.845
665,102.921
666,105.869
667,102.469
668,99.700
669,95.096
670,91.896
671,94.672
672,97.300
673,97.426
674,96.632
675,111.211
676,98.439
677,96.367
678,101.750
679,86.608
680,86.055
681,91.912
682,91.721
683,91.104
684,96.668
685,93.556
686,94.638
687,90.286
688,88.779
689,88.728
690,83.978
691,94.057
692,97.270
693,95.505
694,95.337
695,96.164
696,97.903
697,92.864
698,89.536
699,89.608
700,93.588
701,94.736
702,93.427
703,101.416
704,96.586
705,91.960
706,94.759
707,103.181
708,98.355
709,96.481
710,104.186
711,97.251
712,105.433
713,102.309
714,109.042
715,106.853
716,116.712
717,119.416
718,118.466
719,114.263
720,113.701
721,114.111
722,118.904
723,103.901
724,109.580
725,115.983
726,116.878
727,122.248
728,128.920
729,129.524
730,126.527
731,118.159
732,133.610
733,131.176
734,122.511
735,124.102
736,132.446
737,135.711
738,144.650
739,146.334
740,142.232
741,142.921
742,148.346
743,137.177
744,132.009
745,139.800
746,146.724
747,135.907
748,139.878
749,140.001
750,133.486
751,136.980
752,133.444
753,120.105
754,121.987
755,118.240
756,117.818
757,116.879
758,119.901
759,114.697
760,113.466
761,102.919
762,115.555
763,112.111
764,111.014
765,107.224
766,102.903
767,117.379
768,109.896
769,106.014
770,102.913
771,97.888
772,93.932
773,95.754
774,100.212
775,99.421
776,95.853
777,93.751
778,91.981
779,89.665
780,85.837
781,90.821
782,81.505
783,89.138
784,90.263
785,86.338
786,89.115
787,89.862
788,84.110
789,84.413
790,85.999
791,83.785
792,87.956
793,85.022
794,73.602
795,86.806
796,83.680
797,78.469
798,83.987
799,82.825
800,88.033
801,79.339
802,89.376
803,93.355
804,81.281
805,82.019
806,75.556
807,80.603
808,80.033
809,84.038
810,80.761
811,80.850
812,77.918
813,78.774
814,80.106
815,79.000
816,79.155
817,74.486
818,83.553
819,85.724
820,82.198
821,84.750
822,78.632
823,81.706
824,82.880
825,84.771
826,80.267
827,82.387
828,82.972
829,77.759
830,76.511
831,80.535
832,80.675
833,86.374
834,84.604
835,82.606
836,85.028
837,80.167
838,83.878
839,81.371
840,81.361
841,86.213
842,86.624
843,88.441
844,90.847
845,86.153
846,89.512
847,85.544
848,88.508
849,90.580
850,99.832
851,94.587
852,93.209
853,93.868
854,87.819
855,97.718
856,98.370
857,94.860
858,94.010
859,90.954
860,98.961
861,102.179
862,100.843
863,100.749
864,106.898
865,101.747
866,110.587
867,110.210
868,108.071
869,108.257
870,120.780
871,119.019
872,119.798
873,120.864
874,125.552
875,128.275
876,126.188
877,124.282
878,123.863
879,126.702
880,134.909
881,131.521
882,132.836
883,137.081
884,132.623
885,146.777
886,156.070
887,154.024
888,165.000
889,163.251
890,169.844
891,172.541
892,176.990
893,179.911
894,188.186
895,192.649
896,189.518
897,200.880
898,209.398
899,209.238
900,220.950
901,236.908
902,236.653
903,249.192
904,258.440
905,258.474
906,278.776
907,287.085
908,294.012
909,317.440
910,338.127
911,354.305
912,358.811
913,359.866
914,384.829
915,397.322
916,416.477
917,457.616
918,444.238
919,435.114
920,445.962
921,440.178
922,451.427
923,452.032
924,446.892
925,435.193
926,440.009
927,434.827
928,422.330
929,418.061
930,404.723
931,392.723
932,371.557
933,342.905
934,342.368
935,330.924
936,319.890
937,318.731
938,299.489
939,288.870
940,283.147
941,262.799
942,248.245
943,224.024
944,223.618
945,212.177
946,207.575
947,202.349
948,189.426
949,210.445
950,192.533
951,188.215
952,183.345
953,171.647
954,166.603
955,169.246
956,161.135
957,160.136
958,153.947
959,154.169
960,152.770
961,148.704
962,143.560
963,134.859
964,144.779
965,136.041
966,121.567
967,121.986
968,124.955
969,133.484
970,121.446
971,117.960
972,119.905
973,115.257
974,119.420
975,123.884
976,123.823
977,120.458
978,118.533
979,117.109
980,116.725
981,114.429
982,119.622
983,114.901
984,103.684
985,105.514
986,103.012
987,106.623
988,105.001
989,108.895
990,105.594
991,109.115
992,111.923
993,104.502
994,105.190
995,108.218
996,98.411
997,114.847
998,108.722
999,102.785
1000,105.390
1001,102.200
1002,104.265
1003,107.218
1004,106.587
1005,104.125
1006,102.865
1007,100.353
1008,99.088
1009,102.123
1010,97.877
1011,90.512
1012,98.006
1013,102.697
1014,106.341
1015,98.112
1016,91.839
1017,89.881
1018,93.680
1019,96.548
1020,101.000
1021,98.728
1022,99.307
1023,100.702
1024,102.982
1025,99.937
1026,101.987
1027,100.654
1028,97.587
1029,95.902
1030,95.036
1031,96.753
1032,107.021
1033,97.235
1034,94.266
1035,91.438
1036,91.111
1037,93.685
1038,97.415
1039,102.244
1040,102.531
1041,98.373
1042,97.331
1043,97.559
1044,92.162
1045,92.563
1046,93.793
1047,90.811
1048,95.655
1049,101.747
1050,98.835
1051,96.860
1052,97.515
1053,99.287
1054,95.638
1055,98.163
1056,87.209
1057,95.900
1058,98.109
1059,98.238
1060,103.993
1061,103.814
1062,98.508
1063,99.468
1064,96.595
1065,104.986
1066,107.944
1067,110.422
1068,109.585
1069,106.952
1070,105.544
1071,94.712
1072,102.021
1073,106.484
1074,108.776
1075,107.535
1076,112.044
1077,110.073
1078,109.568
1079,111.285
1080,102.467
1081,107.175
1082,113.401
1083,116.347
1084,110.633
1085,108.065
1086,114.214
1087,121.358
1088,114.491
1089,117.419
1090,116.917
1091,112.434
1092,115.121
1093,120.468
1094,121.274
1095,118.738
1096,121.248
1097,116.897
1098,116.491
1099,117.061
1100,121.964
1101,125.326
1102,123.495
1103,116.729
1104,124.238
1105,121.986
1106,123.440
1107,116.516
1108,120.847
1109,126.493
1110,121.473
1111,117.070
1112,116.020
1113,117.720
1114,131.094
1115,127.720
1116,124.812
1117,129.569
1118,124.500
1119,120.689
1120,122.409
1121,122.407
1122,125.057
1123,131.661
1124,138.798
1125,131.919
1126,133.845
1127,138.682
1128,139.942
1129,141.838
1130,132.147
1131,139.288
1132,135.048
1133,131.628
1134,129.244
1135,130.690
1136,131.873
1137,126.103
1138,124.510
1139,132.548
1140,123.545
1141,128.415
1142,129.142
1143,135.587
1144,125.833
1145,128.350
1146,128.393
1147,129.720
1148,127.689
1149,126.413
1150,120.266
1151,109.469
1152,124.698
1153,123.214
1154,120.147
1155,122.844
1156,119.778
1157,112.988
1158,114.388
1159,114.076
1160,109.919
1161,111.443
1162,115.453
1163,106.392
1164,107.343
1165,113.833
1166,120.152
1167,105.349
1168,105.253
1169,107.879
1170,108.629
1171,108.976
1172,110.757
1173,111.826
1174,106.163
1175,106.144
1176,110.375
1177,113.681
1178,104.193
1179,98.818
1180,107.212
1181,104.046
1182,102.537
1183,103.507
1184,103.138
1185,106.151
1186,104.681
1187,109.588
1188,104.525
1189,100.769
1190,101.756
1191,99.650
1192,103.908
1193,100.549
1194,109.101
1195,113.795
1196,99.238
1197,96.612
1198,91.423
1199,94.578
1200,94.697
1201,96.077
1202,92.564
1203,101.596
1204,93.723
1205,94.665
1206,103.039
1207,98.123
1208,96.639
1209,99.456
1210,94.231
1211,101.208
1212,99.332
1213,97.149
1214,97.651
1215,93.960
1216,94.894
1217,99.111
1218,94.240
1219,94.060
1220,91.277
1221,92.489
1222,98.601
1223,93.038
1224,91.775
1225,91.389
1226,100.404
1227,102.659
1228,92.006
1229,90.547
1230,85.494
1231,82.255
1232,86.508
1233,88.453
1234,92.814
1235,88.343
1236,90.519
1237,91.369
1238,86.684
1239,81.349
1240,77.564
1241,86.268
1242,92.181
1243,94.338
1244,88.296
1245,87.238
1246,81.878
1247,86.472
1248,86.066
1249,82.544
1250,85.337
1251,84.478
1252,91.932
1253,86.860
1254,88.199
1255,84.990
1256,94.207
1257,88.218
1258,86.157
1259,87.010
1260,86.052
1261,89.169
1262,78.300
1263,85.066
1264,85.745
1265,87.135
1266,98.412
1267,84.412
1268,84.412
1269,84.305
1270,86.234
1271,89.499
1272,91.448
1273,88.635
1274,87.194
1275,86.501
1276,86.559
1277,83.569
1278,85.628
1279,90.266
1280,85.600
1281,78.247
1282,83.011
1283,83.486
1284,90.611
1285,80.397
1286,76.235
1287,81.181
1288,87.245
1289,88.021
1290,85.060
1291,81.988
1292,84.230
1293,85.091
1294,92.234
1295,87.551
1296,84.360
1297,86.578
1298,81.314
1299,94.777
1300,91.122
1301,88.562
1302,94.604
1303,92.028
1304,90.454
1305,88.177
1306,94.062
1307,90.109
1308,95.574
1309,84.108
1310,84.114
1311,87.716
1312,78.518
1313,86.792
1314,91.467
1315,87.390
1316,86.062
1317,82.603
1318,81.056
1319,82.526
1320,84.423
1321,86.010
1322,82.190
1323,81.000
1324,79.925
1325,82.845
1326,86.471
1327,88.840
1328,83.947
1329,89.984
1330,88.209
1331,87.712
1332,86.781
1333,85.470
1334,81.354
1335,81.137
1336,83.418
1337,87.539
1338,78.886
1339,81.558
1340,87.131
1341,94.660
1342,76.253
1343,89.755
1344,88.767
1345,78.663
1346,85.679
1347,85.791
1348,87.794
1349,87.846
1350,87.517
1351,88.952
1352,87.298
1353,82.990
1354,90.650
1355,87.206
1356,85.000
1357,90.654
1358,90.961
1359,87.923
1360,86.295
1361,87.892
1362,86.883
1363,87.176
1364,86.126
1365,99.347
1366,92.554
1367,88.072
1368,87.359
1369,93.434
1370,90.106
1371,83.629
1372,81.995
1373,93.388
1374,94.340
1375,90.927
1376,92.753
1377,84.054
1378,84.742
1379,88.794
1380,89.765
1381,93.515
1382,89.756
1383,93.088
1384,93.737
1385,95.793
1386,96.422
1387,97.227
1388,97.703
1389,91.146
1390,89.150
1391,92.155
1392,93.114
1393,91.610
1394,88.153
1395,96.148
1396,92.184
1397,97.811
1398,98.620
1399,91.925
1400,93.622
1401,83.790
1402,90.037
1403,96.512
1404,92.272
1405,90.635
1406,87.038
1407,92.111
1408,94.260
1409,92.444
1410,98.169
1411,94.732
1412,88.320
1413,84.436
1414,94.839
1415,90.136
1416,92.065
1417,91.915
1418,99.438
1419,93.471
1420,95.129
1421,92.918
1422,98.614
1423,95.633
1424,84.564
1425,95.011
1426,94.260
1427,95.919
1428,95.803
1429,92.162
1430,99.141
1431,92.191
1432,92.097
1433,89.057
1434,90.999
1435,92.378
1436,86.431
1437,92.090
1438,90.387
1439,87.992
1440,89.162
1441,95.552
1442,86.740
1443,98.120
1444,97.092
1445,100.508
1446,94.139
1447,93.064
1448,98.349
1449,89.629
1450,86.607
1451,96.567
1452,104.972
1453,99.561
1454,100.791
1455,98.946
1456,96.273
1457,96.550
1458,92.718
1459,93.270
1460,103.149
1461,98.092
1462,101.706
1463,98.720
1464,93.618
1465,101.341
1466,88.603
1467,92.522
1468,95.643
1469,93.404
1470,102.601
1471,100.156
1472,88.808
1473,93.656
1474,94.519
1475,93.262
1476,99.498
1477,102.921
1478,99.030
1479,93.965
1480,90.976
1481,86.049
1482,96.546
1483,98.878
1484,104.306
1485,98.518
1486,95.576
1487,96.597
1488,96.749
1489,91.398
1490,89.625
1491,92.196
1492,89.779
1493,99.566
1494,93.773
1495,93.238
1496,108.872
1497,96.627
1498,95.866
1499,89.416
1500,108.268
1501,101.249
1502,99.532
1503,100.821
1504,109.315
1505,96.521
1506,99.500
1507,94.951
1508,98.594
1509,97.987
1510,90.573
1511,89.059
1512,100.348
1513,100.355
1514,94.129
1515,96.645
1516,98.960
1517,104.130
1518,99.521
1519,95.869
1520,93.304
1521,95.011
1522,99.954
1523,102.890
1524,104.107
1525,106.105
1526,104.481
1527,99.440
1528,96.729
1529,106.214
1530,100.938
1531,98.422
1532,95.045
1533,101.102
1534,97.007
1535,99.909
1536,100.375
1537,91.966
1538,96.762
1539,96.856
1540,105.227
1541,98.755
1542,101.381
1543,105.651
1544,99.228
1545,96.447
1546,90.960
1547,98.898
1548,102.093
1549,97.524
1550,96.721
1551,95.652
1552,91.841
1553,91.484
1554,95.633
1555,95.120
1556,97.996
1557,98.253
1558,97.655
1559,98.626
1560,98.800
1561,95.411
1562,92.528
1563,89.582
1564,95.411
1565,98.706
1566,94.239
1567,107.160
1568,98.970
1569,93.934
1570,92.914
1571,96.232
1572,100.041
1573,97.490
1574,91.182
1575,91.610
1576,93.423
1577,92.333
1578,93.431
1579,96.265
1580,88.675
1581,89.829
1582,91.601
1583,96.998
1584,97.342
1585,94.595
1586,94.559
1587,93.997
1588,105.163
1589,95.122
1590,91.547
1591,96.218
1592,93.413
1593,92.928
1594,96.019
1595,94.233
1596,98.164
1597,105.384
1598,102.010
1599,91.860
1600,94.660
1601,97.543
1602,93.793
1603,97.783
1604,91.346
1605,95.114
1606,102.385
1607,99.296
1608,92.881
1609,97.940
1610,97.021
1611,100.554
1612,96.021
1613,95.297
1614,95.892
1615,103.260
1616,93.573
1617,96.145
1618,99.342
1619,97.836
1620,98.176
1621,96.333
1622,90.886
1623,86.570
1624,94.624
1625,95.819
1626,99.675
1627,84.837
1628,101.132
1629,98.907
1630,93.157
1631,93.207
1632,99.210
1633,99.420
1634,92.796
1635,106.446
1636,101.433
1637,98.659
1638,95.548
1639,92.689
1640,95.657
1641,91.303
1642,91.743
1643,97.387
1644,96.849
1645,95.668
1646,93.266
1647,99.351
1648,97.317
1649,91.378
1650,89.612
1651,89.824
1652,95.264
1653,91.435
1654,94.396
1655,89.859
1656,95.405
1657,93.114
1658,89.547
1659,94.105
1660,98.231
1661,96.112
1662,92.109
1663,95.492
1664,98.027
1665,100.286
1666,100.661
1667,100.014
1668,105.337
1669,100.336
1670,99.791
1671,94.559
1672,95.042
1673,97.817
1674,98.883
1675,100.666
1676,97.523
1677,94.805
1678,91.129
1679,97.753
1680,94.720
1681,98.270
1682,98.937
1683,98.608
1684,88.892
1685,91.336
1686,94.471
1687,97.294
1688,100.457
1689,93.533
1690,96.484
1691,103.528
1692,96.587
1693,92.520
1694,95.072
1695,103.698
1696,94.116
1697,96.158
1698,93.870
1699,89.914
1700,94.819
1701,101.308
1702,89.833
1703,92.042
1704,89.043
1705,91.369
1706,90.526
1707,92.377
1708,90.394
1709,93.420
1710,103.153
1711,87.261
1712,91.865
1713,97.222
1714,94.366
1715,84.360
1716,91.076
1717,85.754
1718,83.483
1719,80.074
1720,91.422
1721,91.017
1722,85.782
1723,83.909
1724,87.533
1725,87.014
1726,89.443
1727,85.302
1728,87.879
1729,87.151
1730,86.952
1731,84.712
1732,90.172
1733,89.786
1734,85.804
1735,86.367
1736,84.946
1737,82.376
1738,86.235
1739,86.253
1740,90.757
1741,87.945
1742,90.555
1743,89.064
1744,85.589
1745,81.976
1746,82.096
1747,83.796
1748,78.059
1749,85.022
1750,85.878
1751,82.210
1752,80.282
1753,86.248
1754,79.977
1755,92.267
1756,88.021
1757,86.625
1758,81.395
1759,87.519
1760,84.838
1761,88.217
1762,86.506
1763,87.970
1764,84.338
1765,90.542
1766,92.665
1767,77.938
1768,81.916
1769,82.377
1770,83.255
1771,87.152
1772,87.589
1773,87.588
1774,85.380
1775,84.808
1776,90.360
1777,90.956
1778,86.357
1779,87.683
1780,85.832
1781,86.421
1782,89.967
1783,90.310
1784,91.762
1785,87.896
1786,78.413
1787,80.117
1788,91.854
1789,90.338
1790,84.411
1791,84.357
1792,85.736
1793,81.774
1794,88.676
1795,84.518
1796,82.565
1797,87.306
1798,90.562
1799,87.746
1800,81.867
1801,80.175
1802,79.431
1803,88.057
1804,89.794
1805,92.857
1806,87.228
1807,82.410
1808,92.815
1809,93.614
1810,84.501
1811,89.235
1812,89.050
1813,85.922
1814,90.018
1815,89.973
1816,85.043
1817,86.419
1818,80.143
1819,87.531
1820,86.160
1821,83.596
1822,87.720
1823,91.435
1824,87.724
1825,86.777
1826,84.125
1827,83.487
1828,87.662
1829,87.251
1830,91.115
1831,89.388
1832,90.011
1833,92.697
1834,84.192
1835,86.409
1836,89.640
1837,97.035
1838,94.998
1839,90.986
1840,92.348
1841,97.165
1842,92.819
1843,94.440
1844,86.404
1845,92.440
1846,89.374
1847,94.687
1848,91.684
1849,96.100
1850,94.015
1851,94.601
1852,94.697
1853,104.631
1854,96.227
1855,95.375
1856,96.814
1857,98.219
1858,94.604
1859,95.020
1860,95.906
1861,96.675
1862,95.598
1863,94.514
1864,96.065
1865,99.776
1866,99.597
1867,106.041
1868,99.127
1869,94.847
1870,104.181
1871,95.409
1872,96.472
1873,96.841
1874,105.574
1875,105.218
1876,103.120
1877,98.760
1878,108.110
1879,102.157
1880,103.549
1881,110.571
1882,105.727
1883,115.545
1884,107.594
1885,100.540
1886,103.611
1887,104.460
1888,107.640
1889,105.794
1890,109.253
1891,104.644
1892,105.721
1893,107.375
1894,109.509
1895,113.832
1896,115.182
1897,109.981
1898,115.626
1899,110.895
1900,103.715
1901,110.965
1902,115.698
1903,107.526
1904,112.440
1905,113.036
1906,108.312
1907,108.996
1908,114.792
1909,113.301
1910,107.702
1911,110.574
1912,112.985
1913,115.412
1914,109.271
1915,104.682
1916,108.888
1917,102.817
1918,112.362
1919,106.625
1920,106.415
1921,101.046
1922,113.980
1923,110.466
1924,103.992
1925,110.883
1926,114.661
1927,114.512
1928,110.548
1929,110.616
1930,109.758
1931,111.532
1932,113.200
1933,109.066
1934,109.537
1935,110.064
1936,105.719
1937,110.817
1938,106.692
1939,110.185
1940,100.478
1941,93.633
1942,98.093
1943,100.593
1944,100.110
1945,98.364
1946,98.281
1947,96.980
1948,94.900
1949,97.174
1950,98.489
1951,103.925
1952,101.227
1953,102.661
1954,101.516
1955,101.088
1956,99.879
1957,103.619
1958,95.083
1959,91.981
1960,98.102
1961,96.939
1962,94.525
1963,93.854
1964,95.113
1965,92.331
1966,94.992
1967,91.583
1968,93.381
1969,89.059
1970,94.157
1971,102.503
1972,96.154
1973,88.040
1974,96.827
1975,97.467
1976,93.001
1977,91.730
1978,92.333
1979,87.092
1980,84.974
1981,93.527
1982,89.910
1983,84.555
1984,83.717
1985,89.566
1986,78.931
1987,82.680
1988,86.953
1989,85.420
1990,84.599
1991,84.562
1992,92.000
1993,80.862
1994,81.475
1995,81.534
1996,83.223
1997,82.049
1998,78.171
1999,84.627
2000,80.274
2001,88.358
2002,84.560
2003,82.984
2004,75.673
2005,80.867
2006,83.205
2007,81.340
2008,79.087
2009,78.316
2010,75.381
2011,73.411
2012,71.391
2013,79.737
2014,80.537
2015,80.450
2016,77.200
2017,73.311
2018,79.332
2019,86.724
2020,71.468
2021,79.534
2022,81.429
2023,78.997
2024,81.574
2025,70.432
2026,80.348
2027,80.497
2028,77.800
2029,80.923
2030,82.550
2031,72.346
2032,71.587
2033,72.698
2034,88.236
2035,85.268
2036,81.238
2037,80.615
2038,81.289
2039,79.316
2040,85.827
2041,79.337
2042,79.085
2043,74.985
2044,84.908
2045,79.742
2046,78.470
2047,82.799
2048,87.196
2049,83.087
2050,84.936
2051,86.723
2052,95.279
2053,90.020
2054,90.363
2055,89.665
2056,92.348
2057,88.250
2058,88.837
2059,86.329
2060,92.123
2061,92.672
2062,93.793
2063,96.731
2064,93.239
2065,91.494
2066,90.548
2067,103.779
2068,101.436
2069,102.568
2070,100.149
2071,105.130
2072,101.304
2073,105.334
2074,107.863
2075,113.901
2076,110.782
2077,113.211
2078,112.536
2079,104.875
2080,113.435
2081,115.005
2082,121.729
2083,126.792
2084,131.199
2085,135.428
2086,135.178
2087,140.218
2088,142.543
2089,144.053
2090,150.881
2091,156.961
2092,163.728
2093,156.534
2094,165.846
2095,179.691
2096,180.802
2097,179.636
2098,184.508
2099,205.795
2100,210.114
2101,207.856
2102,210.128
2103,210.558
2104,216.905
2105,221.067
2106,217.434
2107,221.891
2108,234.176
2109,220.427
2110,238.050
2111,261.671
2112,258.144
2113,259.106
2114,265.485
2115,272.222
2116,267.868
2117,270.772
2118,278.346
2119,286.183
2120,293.313
2121,297.722
2122,293.656
2123,289.401
2124,284.385
2125,284.808
2126,286.593
2127,294.192
2128,273.372
2129,276.827
2130,276.151
2131,275.801
2132,272.302
2133,268.950
2134,274.810
2135,261.627
2136,257.377
2137,245.505
2138,224.915
2139,235.103
2140,219.103
2141,191.604
2142,179.668
2143,182.345
2144,163.981
2145,157.641
2146,162.750
2147,156.783
2148,150.983
2149,150.309
2150,145.021
2151,144.881
2152,141.857
2153,143.444
2154,141.789
2155,136.562
2156,123.640
2157,123.738
2158,122.167
2159,117.141
2160,117.501
2161,114.739
2162,106.716
2163,109.446
2164,105.044
2165,107.248
2166,104.804
2167,104.343
2168,99.909
2169,101.066
2170,96.819
2171,103.522
2172,98.886
2173,96.074
2174,98.899
2175,95.581
2176,90.854
2177,90.000
2178,86.520
2179,90.224
2180,90.821
2181,86.661
2182,87.491
2183,83.291
2184,87.854
2185,82.036
2186,82.402
2187,82.545
2188,78.685
2189,79.495
2190,85.912
2191,82.801
2192,84.531
2193,82.879
2194,85.416
2195,84.226
2196,78.076
2197,76.548
2198,69.525
2199,73.294
2200,75.153
2201,78.533
2202,78.556
2203,75.429
2204,77.603
2205,77.632
2206,79.316
2207,75.341
2208,76.335
2209,78.485
2210,78.182
2211,73.837
2212,74.663
2213,79.343
2214,77.025
2215,83.377
2216,75.907
2217,75.344
2218,79.188
2219,77.361
2220,84.839
2221,77.257
2222,73.577
2223,80.981
2224,77.462
2225,78.574
2226,82.811
2227,80.423
2228,85.224
2229,80.764
2230,79.091
2231,76.499
2232,82.538
2233,75.085
2234,76.251
2235,74.121
2236,77.829
2237,75.749
2238,78.808
2239,78.238
2240,82.456
2241,79.569
2242,71.469
2243,80.925
2244,79.689
2245,81.482
2246,82.463
2247,80.406
2248,77.283
2249,84.408
2250,84.371
2251,88.267
2252,86.341
2253,87.477
2254,90.618
2255,83.812
2256,85.962
2257,87.558
2258,87.315
2259,83.714
2260,84.882
2261,82.918
2262,80.571
2263,80.878
2264,84.686
2265,86.012
2266,89.429
2267,87.479
2268,91.294
2269,84.476
2270,82.250
2271,83.323
2272,86.107
2273,90.975
2274,96.459
2275,96.174
2276,93.236
2277,88.202
2278,96.172
2279,91.961
2280,93.321
2281,90.759
2282,95.173
2283,96.031
2284,93.613
2285,101.493
2286,103.044
2287,100.335
2288,105.552
2289,100.237
2290,101.521
2291,105.284
2292,108.486
2293,99.153
2294,108.240
2295,110.925
2296,109.284
2297,103.330
2298,105.709
2299,100.247
2300,107.461
2301,106.191
2302,114.707
2303,104.632
2304,108.817
2305,106.021
2306,113.622
2307,109.392
2308,104.091
2309,101.284
2310,104.895
2311,107.087
2312,105.703
2313,104.462
2314,91.560
2315,98.013
2316,96.637
2317,99.239
2318,102.039
2319,93.079
2320,90.070
2321,93.389
2322,92.700
2323,92.141
2324,91.872
2325,91.283
2326,96.402
2327,95.595
2328,94.541
2329,93.144
2330,88.341
2331,81.660
2332,86.262
2333,86.386
2334,84.458
2335,83.027
2336,80.192
2337,80.162
2338,83.089
2339,84.902
2340,82.402
2341,76.938
2342,84.675
2343,81.388
2344,78.271
2345,81.317
2346,75.565
2347,79.619
2348,75.747
2349,74.958
2350,75.151
2351,77.596
2352,78.890
2353,80.539
2354,77.201
2355,77.111
2356,78.742
2357,78.121
2358,75.496
2359,73.925
2360,75.849
2361,71.120
2362,76.474
2363,72.792
2364,72.687
2365,81.649
2366,75.245
2367,77.614
2368,79.819
2369,77.633
2370,82.263
2371,86.786
2372,83.587
2373,90.904
2374,85.813
2375,83.888
2376,84.186
2377,91.847
2378,90.603
2379,85.210
2380,89.150
2381,91.337
2382,90.947
2383,94.155
2384,99.091
2385,111.982
2386,99.024
2387,102.838
2388,108.944
2389,119.499
2390,121.007
2391,124.687
2392,129.231
2393,131.292
2394,138.111
2395,135.643
2396,146.794
2397,169.184
2398,156.309
2399,165.895
2400,171.619
2401,169.255
2402,165.179
2403,172.070
2404,187.813
2405,196.003
2406,187.596
2407,195.156
2408,213.151
2409,226.697
2410,226.060
2411,236.502
2412,252.430
2413,263.398
2414,264.048
2415,279.790
2416,277.172
2417,275.916
2418,288.999
2419,295.743
2420,304.087
2421,305.899
2422,301.367
2423,301.504
2424,303.986
2425,304.309
2426,305.069
2427,297.843
2428,296.876
2429,300.424
2430,282.899
2431,272.782
2432,256.521
2433,246.252
2434,237.771
2435,221.689
2436,200.408
2437,184.270
2438,177.189
2439,165.918
2440,152.101
2441,143.162
2442,144.359
2443,137.635
2444,144.956
2445,138.719
2446,135.644
2447,131.568
2448,125.534
2449,125.741
2450,115.835
2451,104.491
2452,101.818
2453,105.159
2454,95.411
2455,92.760
2456,97.395
2457,99.217
2458,91.094
2459,90.091
2460,87.158
2461,87.738
2462,84.574
2463,84.484
2464,83.175
2465,75.623
2466,80.122
2467,78.056
2468,75.256
2469,75.689
2470,77.294
2471,75.282
2472,74.263
2473,78.697
2474,72.968
2475,69.984
2476,74.454
2477,68.382
2478,73.209
2479,73.216
2480,72.098
2481,78.962
2482,71.037
2483,68.603
2484,67.056
2485,65.709
2486,67.765
2487,62.244
2488,64.707
2489,64.129
2490,74.497
2491,74.202
2492,65.017
2493,72.618
2494,68.710
2495,71.128
2496,65.035
2497,68.694
2498,62.768
2499,62.225
2500,66.518
2501,61.400
2502,67.957
2503,70.925
2504,70.737
2505,76.450
2506,69.677
2507,67.361
2508,69.697
2509,72.473
2510,75.854
2511,73.812
2512,74.911
2513,76.391
2514,71.093
2515,75.076
2516,75.735
2517,77.066
2518,80.340
2519,80.897
2520,80.674
2521,84.107
2522,79.512
2523,86.824
2524,88.932
2525,87.238
2526,90.352
2527,96.056
2528,100.475
2529,91.545
2530,93.926
2531,93.789
2532,97.468
2533,105.217
2534,96.595
2535,96.124
2536,99.305
2537,105.932
2538,109.425
2539,106.780
2540,106.203
2541,110.754
2542,109.753
2543,108.392
2544,105.544
2545,124.520
2546,120.501
2547,119.565
2548,129.954
2549,113.419
2550,115.500
2551,122.170
2552,118.572
2553,118.934
2554,124.572
2555,117.235
2556,113.537
2557,107.757
2558,115.270
2559,116.534
2560,115.143
2561,108.099
2562,110.685
2563,112.796
2564,114.326
2565,107.888
2566,108.157
2567,95.978
2568,95.731
2569,97.159
2570,98.389
2571,99.427
2572,108.170
2573,91.462
2574,91.893
2575,87.662
2576,82.168
2577,80.643
2578,78.772
2579,78.576
2580,76.649
2581,79.766
2582,79.411
2583,70.486
2584,72.343
2585,74.269
2586,72.010
2587,72.746
2588,78.775
2589,76.647
2590,73.934
2591,75.923
2592,66.562
2593,68.238
2594,74.009
2595,73.699
2596,77.907
2597,77.245
2598,76.635
2599,77.873
2600,82.712
2601,82.202
2602,78.762
2603,80.718
2604,77.794
2605,79.656
2606,79.765
2607,85.664
2608,80.038
2609,86.388
2610,90.578
2611,93.525
2612,97.342
2613,97.084
2614,104.743
2615,108.035
2616,97.414
2617,98.727
2618,103.820
2619,106.759
2620,117.825
2621,123.486
2622,126.118
2623,134.054
2624,141.816
2625,138.605
2626,137.013
2627,143.355
2628,156.970
2629,157.035
2630,167.782
2631,182.873
2632,194.483
2633,200.183
2634,212.431
2635,205.504
2636,228.672
2637,235.094
2638,249.884
2639,261.543
2640,279.338
2641,265.435
2642,276.667
2643,283.670
2644,297.174
2645,298.510
2646,307.620
2647,302.635
2648,283.959
2649,281.064
2650,273.661
2651,257.770
2652,219.213
2653,214.036
2654,204.473
2655,190.770
2656,168.186
2657,167.035
2658,154.516
2659,150.724
2660,148.016
2661,139.786
2662,136.852
2663,123.801
2664,113.753
2665,121.837
2666,117.111
2667,109.869
2668,103.533
2669,99.161
2670,96.450
2671,94.568
2672,91.974
2673,88.819
2674,95.889
2675,90.236
2676,81.271
2677,80.275
2678,84.340
2679,82.974
2680,80.352
2681,81.374
2682,80.985
2683,75.566
2684,74.766
2685,72.631
2686,72.059
2687,70.834
2688,76.429
2689,70.639
2690,69.276
2691,66.340
2692,69.865
2693,71.256
2694,71.227
2695,74.960
2696,70.028
2697,70.422
2698,70.002
2699,66.443
2700,71.369
2701,69.923
2702,68.219
2703,68.263
2704,72.874
2705,70.595
2706,66.040
2707,63.900
2708,72.187
2709,71.710
2710,65.750
2711,67.601
2712,71.709
2713,71.414
2714,71.303
2715,73.827
2716,75.621
2717,76.375
2718,71.557
2719,72.709
2720,74.985
2721,75.697
2722,76.824
2723,73.595
2724,75.265
2725,78.817
2726,79.310
2727,87.974
2728,81.172
2729,81.199
2730,80.685
2731,94.139
2732,89.276
2733,89.049
2734,86.907
2735,93.070
2736,98.698
2737,101.005
2738,102.459
2739,100.181
2740,110.354
2741,109.046
2742,109.099
2743,108.549
2744,110.813
2745,115.498
2746,118.774
2747,115.944
2748,114.737
2749,114.873
2750,116.570
2751,121.115
2752,114.047
2753,108.823
2754,107.236
2755,108.860
2756,105.368
2757,112.326
2758,105.036
2759,98.563
2760,98.678
2761,99.202
2762,103.972
2763,96.463
2764,101.133
2765,98.055
2766,97.608
2767,93.256
2768,88.370
2769,88.609
2770,85.435
2771,77.899
2772,77.591
2773,78.634
2774,83.122
2775,79.457
2776,74.142
2777,73.128
2778,82.775
2779,75.008
2780,77.418
2781,76.787
2782,73.380
2783,78.150
2784,70.394
2785,74.132
2786,79.770
2787,80.465
2788,77.292
2789,79.681
2790,83.381
2791,80.140
2792,77.305
2793,87.905
2794,92.623
2795,90.000
2796,93.039
2797,96.092
2798,101.158
2799,97.511
2800,96.170
2801,98.860
2802,108.821
2803,117.429
2804,118.024
2805,125.671
2806,126.323
2807,129.631
2808,141.679
2809,143.269
2810,155.021
2811,161.585
2812,162.021
2813,181.955
2814,183.863
2815,185.132
2816,201.107
2817,213.118
2818,223.176
2819,238.575
2820,241.981
2821,250.604
2822,271.628
2823,284.333
2824,291.528
2825,304.191
2826,318.427
2827,312.987
2828,306.944
2829,313.151
2830,312.729
2831,291.449
2832,283.304
2833,273.324
2834,248.155
2835,224.134
2836,212.241
2837,201.519
2838,187.131
2839,179.308
2840,165.402
2841,156.337
2842,146.346
2843,130.308
2844,119.811
2845,116.290
2846,108.289
2847,102.605
2848,93.748
2849,88.369
2850,88.406
2851,86.651
2852,87.445
2853,88.996
2854,77.512
2855,85.675
2856,80.511
2857,76.300
2858,74.183
2859,74.446
2860,70.089
2861,74.598
2862,70.254
2863,70.746
2864,72.274
2865,71.486
2866,68.412
2867,66.189
2868,65.291
2869,65.507
2870,65.169
2871,64.762
2872,63.448
2873,64.166
2874,64.397
2875,61.789
2876,62.141
2877,61.081
2878,59.734
2879,64.675
2880,60.836
2881,63.171
2882,65.128
2883,62.654
2884,65.743
2885,71.211
2886,70.830
2887,70.659
2888,62.713
2889,60.150
2890,66.504
2891,71.547
2892,71.894
2893,73.737
2894,75.984
2895,77.558
2896,77.060
2897,78.424
2898,76.394
2899,83.793
2900,89.159
2901,82.391
2902,82.515
2903,88.897
2904,95.322
2905,94.833
2906,97.241
2907,98.318
2908,97.831
2909,98.560
2910,95.669
2911,102.649
2912,106.835
2913,110.410
2914,111.932
2915,116.420
2916,119.278
2917,117.822
2918,115.232
2919,108.845
2920,106.826
2921,112.512
2922,105.189
2923,102.136
2924,107.652
2925,106.124
2926,102.369
2927,103.391
2928,94.507
2929,96.854
2930,96.758
2931,95.102
2932,85.066
2933,89.619
2934,88.664
2935,81.307
2936,85.114
2937,77.390
2938,83.218
2939,78.136
2940,79.592
2941,78.000
